Temperature,Pressure,RON,MON
1250,100,92.3,88.3
1250,100,88.3,88.3
1240,100,92.3,88.3
1240,100,88.3,88.3
1230,100,92.3,88.3
1230,100,88.3,88.3
1220,100,92.3,88.3
1220,100,88.3,88.3
1250,100,96.8,85.28
1210,100,92.3,88.3
1210,100,88.3,88.3
1240,100,96.8,85.28
1250,40,88,84
1200,100,92.3,88.3
1250,40,92,88
1250,40,92.3,88.3
1250,40,88.3,88.3
1250,35,88,84
1250,40,96.8,92.8
1200,100,88.3,88.3
1230,100,96.8,85.28
1240,40,88,84
1250,40,99,95
1250,35,92,88
1240,40,92,88
1190,100,92.3,88.3
1240,40,92.3,88.3
1240,40,88.3,88.3
1250,30,88,84
1240,35,88,84
1250,35,99,95
1240,40,96.8,92.8
1220,100,96.8,85.28
1250,30,92,88
1190,100,88.3,88.3
1230,40,88,84
1250,27.5,88,84
1240,40,99,95
1240,35,92,88
1250,30,96.8,92.8
1250,27.5,92,88
1230,40,92,88
1230,40,92.3,88.3
1180,100,92.3,88.3
1230,40,88.3,88.3
1250,25,88,84
1250,30,99,95
1240,30,88,84
1230,35,88,84
1240,35,99,95
1210,100,96.8,85.28
1250,25,92,88
1230,40,96.8,92.8
1240,30,92,88
1180,100,88.3,88.3
1220,40,88,84
1250,27.5,99,95
1240,27.5,88,84
1250,22.5,88,84
1230,35,92,88
1230,40,99,95
1240,30,96.8,92.8
1240,27.5,92,88
1220,40,92,88
1220,40,92.3,88.3
1250,22.5,92,88
1170,100,92.3,88.3
1250,25,99,95
1220,40,88.3,88.3
1240,25,88,84
1240,30,99,95
1230,30,88,84
1250,20,88,84
1220,35,88,84
1200,100,96.8,85.28
1230,35,99,95
1240,25,92,88
1220,40,96.8,92.8
1230,30,92,88
1240,27.5,99,95
1210,40,88,84
1170,100,88.3,88.3
1230,27.5,88,84
1250,20,92,88
1250,22.5,99,95
1250,20,92.3,88.3
1240,22.5,88,84
1220,35,92,88
1250,20,88.3,88.3
1220,40,99,95
1250,40,96.8,85.28
1230,30,96.8,92.8
1230,27.5,92,88
1210,40,92,88
1240,22.5,92,88
1210,40,92.3,88.3
1160,100,92.3,88.3
1240,25,99,95
1250,17.5,88,84
1250,20,96.8,92.8
1230,25,88,84
1220,30,88,84
1230,30,99,95
1210,40,88.3,88.3
1250,20,99,95
1240,20,88,84
1190,100,96.8,85.28
1210,35,88,84
1220,35,99,95
1250,17.5,92,88
1230,25,92,88
1210,40,96.8,92.8
1220,30,92,88
1230,27.5,99,95
1220,27.5,88,84
1200,40,88,84
1240,22.5,99,95
1240,20,92,88
1160,100,88.3,88.3
1240,20,92.3,88.3
1230,22.5,88,84
1240,20,88.3,88.3
1210,35,92,88
1210,40,99,95
1240,40,96.8,85.28
1250,15,88,84
1220,30,96.8,92.8
1220,27.5,92,88
1250,17.5,99,95
1230,22.5,92,88
1200,40,92,88
1200,40,92.3,88.3
1240,20,96.8,92.8
1240,17.5,88,84
1230,25,99,95
1150,100,92.3,88.3
1220,25,88,84
1210,30,88,84
1220,30,99,95
1200,40,88.3,88.3
1250,15,92,88
1180,100,96.8,85.28
1240,20,99,95
1230,20,88,84
1200,35,88,84
1240,17.5,92,88
1210,35,99,95
1220,25,92,88
1210,30,92,88
1200,40,96.8,92.8
1220,27.5,99,95
1230,22.5,99,95
1210,27.5,88,84
1230,20,92,88
1190,40,88,84
1230,20,92.3,88.3
1230,20,88.3,88.3
1220,22.5,88,84
1150,100,88.3,88.3
1200,35,92,88
1200,40,99,95
1250,15,99,95
1230,40,96.8,85.28
1250,12.5,88,84
1240,15,88,84
1240,17.5,99,95
1210,30,96.8,92.8
1210,27.5,92,88
1220,22.5,92,88
1230,20,96.8,92.8
1230,17.5,88,84
1190,40,92,88
1190,40,92.3,88.3
1220,25,99,95
1140,100,92.3,88.3
1210,25,88,84
1240,15,92,88
1250,12.5,92,88
1200,30,88,84
1210,30,99,95
1170,100,96.8,85.28
1230,20,99,95
1190,40,88.3,88.3
1220,20,88,84
1230,17.5,92,88
1190,35,88,84
1200,35,99,95
1210,25,92,88
1200,30,92,88
1190,40,96.8,92.8
1210,27.5,99,95
1220,22.5,99,95
1220,20,92,88
1200,27.5,88,84
1220,20,92.3,88.3
1220,20,88.3,88.3
1180,40,88,84
1210,22.5,88,84
1250,12.5,99,95
1140,100,88.3,88.3
1240,15,99,95
1190,35,92,88
1220,40,96.8,85.28
1240,12.5,88,84
1190,40,99,95
1230,15,88,84
1230,17.5,99,95
1200,27.5,92,88
1200,30,96.8,92.8
1250,10,88,84
1210,22.5,92,88
1220,17.5,88,84
1220,20,96.8,92.8
1180,40,92,88
1180,40,92.3,88.3
1210,25,99,95
1240,12.5,92,88
1130,100,92.3,88.3
1230,15,92,88
1200,25,88,84
1160,100,96.8,85.28
1190,30,88,84
1200,30,99,95
1220,20,99,95
1250,10,88.3,88.3
1250,10,92,88
1250,10,92.3,88.3
1210,20,88,84
1220,17.5,92,88
1180,40,88.3,88.3
1180,35,88,84
1250,20,96.8,85.28
1200,25,92,88
1190,35,99,95
1190,30,92,88
1180,40,96.8,92.8
1210,20,92,88
1210,22.5,99,95
1240,12.5,99,95
1200,27.5,99,95
1210,20,92.3,88.3
1250,10,96.8,92.8
1190,27.5,88,84
1210,20,88.3,88.3
1230,15,99,95
1200,22.5,88,84
1170,40,88,84
1210,40,96.8,85.28
1130,100,88.3,88.3
1230,12.5,88,84
1180,35,92,88
1220,15,88,84
1250,10,99,95
1180,40,99,95
1220,17.5,99,95
1240,10,88,84
1190,27.5,92,88
1210,20,96.8,92.8
1210,17.5,88,84
1200,22.5,92,88
1190,30,96.8,92.8
1230,12.5,92,88
1170,40,92,88
1220,15,92,88
1200,25,99,95
1150,100,96.8,85.28
1120,100,92.3,88.3
1170,40,92.3,88.3
1190,25,88,84
1240,10,88.3,88.3
1210,20,99,95
1240,10,92,88
1180,30,88,84
1240,10,92.3,88.3
1190,30,99,95
1210,17.5,92,88
1200,20,88,84
1170,40,88.3,88.3
1250,7.5,88,84
1240,20,96.8,85.28
1170,35,88,84
1190,25,92,88
1180,35,99,95
1240,10,96.8,92.8
1180,30,92,88
1230,12.5,99,95
1200,20,92,88
1200,22.5,99,95
1220,15,99,95
1170,40,96.8,92.8
1200,20,92.3,88.3
1190,27.5,99,95
1180,27.5,88,84
1200,40,96.8,85.28
1200,20,88.3,88.3
1250,7.5,92,88
1190,22.5,88,84
1220,12.5,88,84
1160,40,88,84
1240,10,99,95
1120,100,88.3,88.3
1210,15,88,84
1170,35,92,88
1230,10,88,84
1210,17.5,99,95
1170,40,99,95
1200,17.5,88,84
1220,12.5,92,88
1200,20,96.8,92.8
1180,27.5,92,88
1190,22.5,92,88
1180,30,96.8,92.8
1210,15,92,88
1140,100,96.8,85.28
1230,10,88.3,88.3
1190,25,99,95
1160,40,92,88
1230,10,92,88
1110,100,92.3,88.3
1230,10,92.3,88.3
1160,40,92.3,88.3
1180,25,88,84
1200,20,99,95
1170,30,88,84
1250,7.5,99,95
1180,30,99,95
1200,17.5,92,88
1240,7.5,88,84
1190,20,88,84
1230,20,96.8,85.28
1160,40,88.3,88.3
1160,35,88,84
1230,10,96.8,92.8
1180,25,92,88
1220,12.5,99,95
1170,35,99,95
1170,30,92,88
1240,7.5,92,88
1210,15,99,95
1190,20,92,88
1190,40,96.8,85.28
1190,20,92.3,88.3
1190,22.5,99,95
1230,10,99,95
1210,12.5,88,84
1160,40,96.8,92.8
1180,27.5,99,95
1170,27.5,88,84
1190,20,88.3,88.3
1180,22.5,88,84
1110,100,88.3,88.3
1150,40,88,84
1200,15,88,84
1220,10,88,84
1160,35,92,88
1200,17.5,99,95
1210,12.5,92,88
1160,40,99,95
1190,17.5,88,84
1190,20,96.8,92.8
1180,22.5,92,88
1130,100,96.8,85.28
1170,27.5,92,88
1200,15,92,88
1170,30,96.8,92.8
1220,10,88.3,88.3
1220,10,92,88
1220,10,92.3,88.3
1100,100,92.3,88.3
1240,7.5,99,95
1180,25,99,95
1150,40,92,88
1170,25,88,84
1150,40,92.3,88.3
1190,20,99,95
1230,7.5,88,84
1160,30,88,84
1190,17.5,92,88
1250,5,88,84
1170,30,99,95
1220,20,96.8,85.28
1180,20,88,84
1220,10,96.8,92.8
1210,12.5,99,95
1150,35,88,84
1150,40,88.3,88.3
1230,7.5,92,88
1170,25,92,88
1180,40,96.8,85.28
1200,15,99,95
1220,10,99,95
1250,10,96.8,85.28
1160,35,99,95
1250,5,92,88
1180,20,92,88
1160,30,92,88
1180,20,92.3,88.3
1250,5,92.3,88.3
1200,12.5,88,84
1180,22.5,99,95
1100,100,88.3,88.3
1160,27.5,88,84
1170,27.5,99,95
1180,20,88.3,88.3
1170,22.5,88,84
1150,40,96.8,92.8
1190,15,88,84
1210,10,88,84
1250,5,88.3,88.3
1140,40,88,84
1190,17.5,99,95
1150,35,92,88
1200,12.5,92,88
1120,100,96.8,85.28
1180,17.5,88,84
1150,40,99,95
1210,10,92,88
1180,20,96.8,92.8
1190,15,92,88
1210,10,88.3,88.3
1210,10,92.3,88.3
1250,5,96.8,92.8
1230,7.5,99,95
1170,22.5,92,88
1160,27.5,92,88
1090,100,92.3,88.3
1160,30,96.8,92.8
1220,7.5,88,84
1240,5,88,84
1170,25,99,95
1140,40,92,88
1160,25,88,84
1180,20,99,95
1140,40,92.3,88.3
1250,5,99,95
1210,20,96.8,85.28
1180,17.5,92,88
1150,30,88,84
1170,20,88,84
1160,30,99,95
1210,10,96.8,92.8
1220,7.5,92,88
1200,12.5,99,95
1240,5,92,88
1140,35,88,84
1240,5,92.3,88.3
1210,10,99,95
1170,40,96.8,85.28
1160,25,92,88
1240,10,96.8,85.28
1140,40,88.3,88.3
1190,15,99,95
1190,12.5,88,84
1170,20,92,88
1240,5,88.3,88.3
1090,100,88.3,88.3
1150,35,99,95
1170,20,92.3,88.3
1150,30,92,88
1170,22.5,99,95
1200,10,88,84
1180,15,88,84
1160,22.5,88,84
1150,27.5,88,84
1170,20,88.3,88.3
1160,27.5,99,95
1140,40,96.8,92.8
1130,40,88,84
1180,17.5,99,95
1190,12.5,92,88
1240,5,96.8,92.8
1140,35,92,88
1110,100,96.8,85.28
1220,7.5,99,95
1200,10,92,88
1200,10,92.3,88.3
1170,17.5,88,84
1200,10,88.3,88.3
1180,15,92,88
1170,20,96.8,92.8
1080,100,92.3,88.3
1140,40,99,95
1160,22.5,92,88
1230,5,88,84
1210,7.5,88,84
1150,27.5,92,88
1240,5,99,95
1150,30,96.8,92.8
1160,25,99,95
1200,20,96.8,85.28
1170,20,99,95
1150,25,88,84
1130,40,92,88
1170,17.5,92,88
1130,40,92.3,88.3
1200,10,96.8,92.8
1140,30,88,84
1160,20,88,84
1210,7.5,92,88
1150,30,99,95
1230,5,92,88
1230,5,92.3,88.3
1190,12.5,99,95
1200,10,99,95
1160,40,96.8,85.28
1230,10,96.8,85.28
1230,5,88.3,88.3
1130,35,88,84
1180,15,99,95
1080,100,88.3,88.3
1150,25,92,88
1180,12.5,88,84
1130,40,88.3,88.3
1250,2.5,88,84
1160,20,92,88
1190,10,88,84
1160,20,92.3,88.3
1140,30,92,88
1140,35,99,95
1160,22.5,99,95
1170,15,88,84
1230,5,96.8,92.8
1150,22.5,88,84
1140,27.5,88,84
1160,20,88.3,88.3
1150,27.5,99,95
1130,40,96.8,92.8
1120,40,88,84
1170,17.5,99,95
1210,7.5,99,95
1180,12.5,92,88
1100,100,96.8,85.28
1190,10,92,88
1130,35,92,88
1190,10,92.3,88.3
1230,5,99,95
1190,10,88.3,88.3
1220,5,88,84
1070,100,92.3,88.3
1160,17.5,88,84
1170,15,92,88
1200,7.5,88,84
1160,20,96.8,92.8
1150,22.5,92,88
1130,40,99,95
1140,27.5,92,88
1190,20,96.8,85.28
1140,30,96.8,92.8
1150,25,99,95
1160,20,99,95
1140,25,88,84
1190,10,96.8,92.8
1220,5,92,88
1160,17.5,92,88
1200,7.5,92,88
1120,40,92,88
1220,5,92.3,88.3
1120,40,92.3,88.3
1130,30,88,84
1150,20,88,84
1250,5,96.8,85.28
1180,12.5,99,95
1220,5,88.3,88.3
1190,10,99,95
1150,40,96.8,85.28
1140,30,99,95
1220,10,96.8,85.28
1070,100,88.3,88.3
1170,15,99,95
1120,35,88,84
1170,12.5,88,84
1140,25,92,88
1180,10,88,84
1220,5,96.8,92.8
1150,20,92,88
1120,40,88.3,88.3
1150,20,92.3,88.3
1130,30,92,88
1150,22.5,99,95
1160,15,88,84
1130,35,99,95
1200,7.5,99,95
1140,22.5,88,84
1130,27.5,88,84
1250,2.5,92,88
1220,5,99,95
1090,100,96.8,85.28
1140,27.5,99,95
1150,20,88.3,88.3
1170,12.5,92,88
1160,17.5,99,95
1120,40,96.8,92.8
1110,40,88,84
1060,100,92.3,88.3
1210,5,88,84
1180,10,92,88
1180,10,92.3,88.3
1180,10,88.3,88.3
1190,7.5,88,84
1120,35,92,88
1150,17.5,88,84
1160,15,92,88
1150,20,96.8,92.8
1180,20,96.8,85.28
1140,22.5,92,88
1120,40,99,95
1130,27.5,92,88
1210,5,92,88
1210,5,92.3,88.3
1180,10,96.8,92.8
1130,30,96.8,92.8
1190,7.5,92,88
1240,2.5,88,84
1150,20,99,95
1140,25,99,95
1130,25,88,84
1210,5,88.3,88.3
1150,17.5,92,88
1110,40,92,88
1060,100,88.3,88.3
1240,5,96.8,85.28
1110,40,92.3,88.3
1140,20,88,84
1170,12.5,99,95
1140,40,96.8,85.28
1120,30,88,84
1180,10,99,95
1210,10,96.8,85.28
1130,30,99,95
1210,5,96.8,92.8
1160,15,99,95
1250,2.5,99,95
1160,12.5,88,84
1110,35,88,84
1170,10,88,84
1240,2.5,92,88
1130,25,92,88
1140,20,92,88
1210,5,99,95
1190,7.5,99,95
1140,20,92.3,88.3
1110,40,88.3,88.3
1150,15,88,84
1080,100,96.8,85.28
1050,100,92.3,88.3
1120,30,92,88
1140,22.5,99,95
1200,5,88,84
1120,35,99,95
1130,22.5,88,84
1120,27.5,88,84
1160,12.5,92,88
1170,10,92,88
1140,20,88.3,88.3
1150,17.5,99,95
1130,27.5,99,95
1170,10,92.3,88.3
1100,40,88,84
1110,40,96.8,92.8
1180,7.5,88,84
1170,10,88.3,88.3
1150,15,92,88
1110,35,92,88
1140,17.5,88,84
1170,20,96.8,85.28
1200,5,92,88
1140,20,96.8,92.8
1200,5,92.3,88.3
1230,2.5,88,84
1130,22.5,92,88
1050,100,88.3,88.3
1180,7.5,92,88
1170,10,96.8,92.8
1120,27.5,92,88
1200,5,88.3,88.3
1110,40,99,95
1120,30,96.8,92.8
1230,5,96.8,85.28
1140,20,99,95
1140,17.5,92,88
1130,25,99,95
1120,25,88,84
1130,40,96.8,85.28
1200,10,96.8,85.28
1100,40,92,88
1240,2.5,99,95
1170,10,99,95
1160,12.5,99,95
1100,40,92.3,88.3
1130,20,88,84
1110,30,88,84
1200,5,96.8,92.8
1230,2.5,92,88
1120,30,99,95
1150,15,99,95
1150,12.5,88,84
1200,5,99,95
1160,10,88,84
1040,100,92.3,88.3
1100,35,88,84
1180,7.5,99,95
1120,25,92,88
1070,100,96.8,85.28
1130,20,92,88
1190,5,88,84
1130,20,92.3,88.3
1140,15,88,84
1100,40,88.3,88.3
1130,22.5,99,95
1110,30,92,88
1160,10,92,88
1150,12.5,92,88
1120,22.5,88,84
1110,35,99,95
1110,27.5,88,84
1160,10,92.3,88.3
1170,7.5,88,84
1140,17.5,99,95
1090,40,88,84
1130,20,88.3,88.3
1160,10,88.3,88.3
1120,27.5,99,95
1040,100,88.3,88.3
1220,2.5,88,84
1100,40,96.8,92.8
1190,5,92,88
1160,20,96.8,85.28
1190,5,92.3,88.3
1140,15,92,88
1130,17.5,88,84
1100,35,92,88
1190,5,88.3,88.3
1130,20,96.8,92.8
1170,7.5,92,88
1230,2.5,99,95
1160,10,96.8,92.8
1120,22.5,92,88
1110,27.5,92,88
1220,5,96.8,85.28
1100,40,99,95
1120,40,96.8,85.28
1190,10,96.8,85.28
1220,2.5,92,88
1110,30,96.8,92.8
1190,5,96.8,92.8
1130,20,99,95
1160,10,99,95
1130,17.5,92,88
1110,25,88,84
1150,12.5,99,95
1120,25,99,95
1090,40,92,88
1090,40,92.3,88.3
1120,20,88,84
1030,100,92.3,88.3
1100,30,88,84
1190,5,99,95
1110,30,99,95
1140,15,99,95
1150,10,88,84
1250,1,88,84
1140,12.5,88,84
1060,100,96.8,85.28
1170,7.5,99,95
1090,35,88,84
1180,5,88,84
1110,25,92,88
1030,100,88.3,88.3
1120,20,92,88
1120,20,92.3,88.3
1130,15,88,84
1090,40,88.3,88.3
1210,2.5,88,84
1150,10,92,88
1100,30,92,88
1120,22.5,99,95
1140,12.5,92,88
1160,7.5,88,84
1150,10,92.3,88.3
1110,22.5,88,84
1100,27.5,88,84
1100,35,99,95
1180,5,92,88
1130,17.5,99,95
1180,5,92.3,88.3
1080,40,88,84
1150,10,88.3,88.3
1150,20,96.8,85.28
1220,2.5,99,95
1120,20,88.3,88.3
1110,27.5,99,95
1250,1,92,88
1090,40,96.8,92.8
1180,5,88.3,88.3
1130,15,92,88
1120,17.5,88,84
1250,1,92.3,88.3
1090,35,92,88
1160,7.5,92,88
1210,2.5,92,88
1150,10,96.8,92.8
1120,20,96.8,92.8
1210,5,96.8,85.28
1020,100,92.3,88.3
1110,22.5,92,88
1180,10,96.8,85.28
1110,40,96.8,85.28
1180,5,96.8,92.8
1100,27.5,92,88
1090,40,99,95
1150,10,99,95
1120,17.5,92,88
1100,30,96.8,92.8
1140,12.5,99,95
1120,20,99,95
1100,25,88,84
1180,5,99,95
1110,25,99,95
1080,40,92,88
1020,100,88.3,88.3
1240,1,88,84
1080,40,92.3,88.3
1110,20,88,84
1090,30,88,84
1050,100,96.8,85.28
1160,7.5,99,95
1140,10,88,84
1170,5,88,84
1130,15,99,95
1130,12.5,88,84
1100,30,99,95
1250,1,96.8,92.8
1080,35,88,84
1200,2.5,88,84
1100,25,92,88
1110,20,92,88
1210,2.5,99,95
1120,15,88,84
1110,20,92.3,88.3
1240,1,92,88
1080,40,88.3,88.3
1140,10,92,88
1150,7.5,88,84
1170,5,92,88
1140,10,92.3,88.3
1240,1,92.3,88.3
1170,5,92.3,88.3
1130,12.5,92,88
1090,30,92,88
1110,22.5,99,95
1140,20,96.8,85.28
1100,22.5,88,84
1090,27.5,88,84
1070,40,88,84
1140,10,88.3,88.3
1090,35,99,95
1010,100,92.3,88.3
1120,17.5,99,95
1170,5,88.3,88.3
1200,2.5,92,88
1250,1,96.8,88.3
1110,20,88.3,88.3
1100,27.5,99,95
1080,40,96.8,92.8
1150,7.5,92,88
1120,15,92,88
1110,17.5,88,84
1010,100,88.3,88.3
1080,35,92,88
1200,5,96.8,85.28
1140,10,96.8,92.8
1170,5,96.8,92.8
1170,10,96.8,85.28
1100,40,96.8,85.28
1110,20,96.8,92.8
1230,1,88,84
1100,22.5,92,88
1090,27.5,92,88
1170,5,99,95
1140,10,99,95
1080,40,99,95
1130,12.5,99,95
1040,100,96.8,85.28
1110,17.5,92,88
1090,30,96.8,92.8
1110,20,99,95
1090,25,88,84
1070,40,92,88
1100,25,99,95
1070,40,92.3,88.3
1100,20,88,84
1080,30,88,84
1150,7.5,99,95
1160,5,88,84
1190,2.5,88,84
1130,10,88,84
1200,2.5,99,95
1120,12.5,88,84
1120,15,99,95
1230,1,92,88
1000,100,92.3,88.3
1230,1,92.3,88.3
1090,30,99,95
1070,35,88,84
1250,1,88.3,88.3
1000,100,88.3,88.3
1090,25,92,88
1160,5,92,88
1160,5,92.3,88.3
1100,20,92,88
1110,15,88,84
1140,7.5,88,84
1130,10,92,88
1100,20,92.3,88.3
1130,20,96.8,85.28
1070,40,88.3,88.3
1130,10,92.3,88.3
1240,1,96.8,88.3
1250,1,99,95
1190,2.5,92,88
1120,12.5,92,88
1080,30,92,88
1160,5,88.3,88.3
1100,22.5,99,95
1060,40,88,84
1090,22.5,88,84
1080,27.5,88,84
1130,10,88.3,88.3
1110,17.5,99,95
1080,35,99,95
1140,7.5,92,88
1100,20,88.3,88.3
1070,40,96.8,92.8
1190,5,96.8,85.28
1220,1,88,84
1090,27.5,99,95
1250,1,96.8,85.28
1160,5,96.8,92.8
1110,15,92,88
1160,10,96.8,85.28
1100,17.5,88,84
1090,40,96.8,85.28
1070,35,92,88
1130,10,96.8,92.8
1250,1,99.82,88.3
1160,5,99,95
1100,20,96.8,92.8
1240,1,96.8,92.8
1030,100,96.8,85.28
1090,22.5,92,88
1130,10,99,95
990,100,88.3,88.3
990,100,92.3,88.3
1080,27.5,92,88
1070,40,99,95
1120,12.5,99,95
1100,17.5,92,88
1060,40,92,88
1240,1,88.3,88.3
1190,2.5,99,95
1080,25,88,84
1220,1,92,88
1180,2.5,88,84
1080,30,96.8,92.8
1100,20,99,95
1220,1,92.3,88.3
1060,40,92.3,88.3
1140,7.5,99,95
1150,5,88,84
1090,25,99,95
1090,20,88,84
1070,30,88,84
1240,1,99,95
1120,10,88,84
1110,12.5,88,84
1110,15,99,95
1230,1,96.8,88.3
1060,35,88,84
1080,30,99,95
1150,5,92,88
1180,2.5,92,88
1150,5,92.3,88.3
1120,20,96.8,85.28
1130,7.5,88,84
1080,25,92,88
1120,10,92,88
1090,20,92,88
1100,15,88,84
980,100,88.3,88.3
1060,40,88.3,88.3
1120,10,92.3,88.3
1090,20,92.3,88.3
1210,1,88,84
1150,5,88.3,88.3
1110,12.5,92,88
1050,40,88,84
980,100,92.3,88.3
1070,30,92,88
1080,22.5,88,84
1070,27.5,88,84
1090,22.5,99,95
1230,1,96.8,92.8
1240,1,96.8,85.28
1120,10,88.3,88.3
1180,5,96.8,85.28
1150,5,96.8,92.8
1100,17.5,99,95
1130,7.5,92,88
1070,35,99,95
1150,10,96.8,85.28
1080,40,96.8,85.28
1060,40,96.8,92.8
1090,20,88.3,88.3
1240,1,99.82,88.3
1020,100,96.8,85.28
1080,27.5,99,95
1100,15,92,88
1060,35,92,88
1120,10,96.8,92.8
1090,17.5,88,84
1150,5,99,95
1230,1,88.3,88.3
1090,20,96.8,92.8
1230,1,99,95
1180,2.5,99,95
1120,10,99,95
1080,22.5,92,88
970,100,88.3,88.3
1170,2.5,88,84
1070,27.5,92,88
1060,40,99,95
1110,12.5,99,95
1050,40,92,88
1090,17.5,92,88
1140,5,88,84
1070,25,88,84
1050,40,92.3,88.3
1130,7.5,99,95
1070,30,96.8,92.8
1090,20,99,95
970,100,92.3,88.3
1220,1,96.8,88.3
1060,30,88,84
1080,20,88,84
1080,25,99,95
1110,10,88,84
1170,2.5,92,88
1100,12.5,88,84
1140,5,92,88
1050,35,88,84
1100,15,99,95
1140,5,92.3,88.3
1220,1,96.8,92.8
1110,20,96.8,85.28
1200,1,88,84
960,100,88.3,88.3
1070,30,99,95
1120,7.5,88,84
1050,40,88.3,88.3
1070,25,92,88
1110,10,92,88
1140,5,88.3,88.3
1110,10,92.3,88.3
1090,15,88,84
1080,20,92,88
1040,40,88,84
1230,1,96.8,85.28
1080,20,92.3,88.3
1100,12.5,92,88
1220,1,88.3,88.3
1170,5,96.8,85.28
1060,30,92,88
1210,1,92,88
1010,100,96.8,85.28
1140,5,96.8,92.8
1210,1,92.3,88.3
1140,10,96.8,85.28
1060,27.5,88,84
1070,22.5,88,84
1230,1,99.82,88.3
1220,1,99,95
1110,10,88.3,88.3
1080,22.5,99,95
1120,7.5,92,88
1070,40,96.8,85.28
960,100,92.3,88.3
1090,17.5,99,95
1060,35,99,95
1050,40,96.8,92.8
1140,5,99,95
950,100,88.3,88.3
1170,2.5,99,95
1090,15,92,88
1080,20,88.3,88.3
1050,35,92,88
1110,10,96.8,92.8
1070,27.5,99,95
1080,17.5,88,84
1160,2.5,88,84
1080,20,96.8,92.8
1110,10,99,95
1070,22.5,92,88
1210,1,96.8,88.3
1060,27.5,92,88
1040,40,92,88
1050,40,99,95
1130,5,88,84
1100,12.5,99,95
940,100,88.3,88.3
1040,40,92.3,88.3
1210,1,96.8,92.8
1120,7.5,99,95
1060,25,88,84
1080,17.5,92,88
1160,2.5,92,88
1060,30,96.8,92.8
950,100,92.3,88.3
1050,30,88,84
1080,20,99,95
1070,20,88,84
1070,25,99,95
1100,10,88,84
1130,5,92,88
1040,35,88,84
1130,5,92.3,88.3
1100,20,96.8,85.28
1090,12.5,88,84
1210,1,88.3,88.3
930,100,88.3,88.3
1090,15,99,95
1200,1,92,88
1210,1,99,95
1200,1,92.3,88.3
1000,100,96.8,85.28
1060,30,99,95
1040,40,88.3,88.3
1220,1,96.8,85.28
1110,7.5,88,84
1130,5,88.3,88.3
1030,40,88,84
1100,10,92,88
1060,25,92,88
1160,5,96.8,85.28
1100,10,92.3,88.3
1220,1,99.82,88.3
1080,15,88,84
1070,20,92,88
1130,10,96.8,85.28
1130,5,96.8,92.8
1070,20,92.3,88.3
1090,12.5,92,88
1060,40,96.8,85.28
940,100,92.3,88.3
920,100,88.3,88.3
1050,30,92,88
1050,27.5,88,84
1160,2.5,99,95
1060,22.5,88,84
1110,7.5,92,88
1100,10,88.3,88.3
1130,5,99,95
1070,22.5,99,95
1050,35,99,95
1040,40,96.8,92.8
1080,17.5,99,95
1150,2.5,88,84
1040,35,92,88
1190,1,88,84
1100,10,96.8,92.8
1080,15,92,88
1060,27.5,99,95
1070,20,88.3,88.3
910,100,88.3,88.3
1200,1,96.8,88.3
1200,1,96.8,92.8
1070,17.5,88,84
1100,10,99,95
1070,20,96.8,92.8
1030,40,92,88
930,100,92.3,88.3
1060,22.5,92,88
1150,2.5,92,88
1120,5,88,84
1050,27.5,92,88
1030,40,92.3,88.3
1040,40,99,95
900,100,88.3,88.3
1110,7.5,99,95
1090,12.5,99,95
1200,1,99,95
1200,1,88.3,88.3
1050,25,88,84
1190,1,92,88
1040,30,88,84
1070,17.5,92,88
1190,1,92.3,88.3
1050,30,96.8,92.8
1070,20,99,95
990,100,96.8,85.28
1060,20,88,84
1120,5,92,88
1030,35,88,84
1120,5,92.3,88.3
1090,20,96.8,85.28
1060,25,99,95
1090,10,88,84
890,100,88.3,88.3
1210,1,96.8,85.28
1080,12.5,88,84
1030,40,88.3,88.3
1080,15,99,95
1020,40,88,84
920,100,92.3,88.3
1210,1,99.82,88.3
1150,5,96.8,85.28
1120,5,88.3,88.3
1100,7.5,88,84
1050,30,99,95
1120,10,96.8,85.28
1150,2.5,99,95
1090,10,92,88
1120,5,96.8,92.8
1050,25,92,88
1050,40,96.8,85.28
1090,10,92.3,88.3
1070,15,88,84
1060,20,92,88
1060,20,92.3,88.3
1040,30,92,88
1190,1,96.8,92.8
1080,12.5,92,88
1180,1,88,84
880,100,88.3,88.3
1040,27.5,88,84
1120,5,99,95
1100,7.5,92,88
1050,22.5,88,84
1190,1,96.8,88.3
1140,2.5,88,84
1030,40,96.8,92.8
1090,10,88.3,88.3
1040,35,99,95
1060,22.5,99,95
1030,35,92,88
910,100,92.3,88.3
1070,17.5,99,95
1090,10,96.8,92.8
1070,15,92,88
1190,1,99,95
1050,27.5,99,95
1190,1,88.3,88.3
1060,17.5,88,84
1060,20,88.3,88.3
1180,1,92,88
1140,2.5,92,88
870,100,88.3,88.3
1020,40,92,88
1180,1,92.3,88.3
1020,40,92.3,88.3
1090,10,99,95
1060,20,96.8,92.8
1110,5,88,84
980,100,96.8,85.28
1050,22.5,92,88
1040,27.5,92,88
1030,40,99,95
1100,7.5,99,95
1040,25,88,84
1030,30,88,84
1080,12.5,99,95
900,100,92.3,88.3
1060,17.5,92,88
1040,30,96.8,92.8
1020,35,88,84
1080,20,96.8,85.28
1110,5,92,88
1110,5,92.3,88.3
1050,20,88,84
1200,1,96.8,85.28
1060,20,99,95
1020,40,88.3,88.3
1010,40,88,84
860,100,88.3,88.3
1050,25,99,95
1080,10,88,84
1200,1,99.82,88.3
1180,1,96.8,92.8
1140,5,96.8,85.28
1070,12.5,88,84
1140,2.5,99,95
1170,1,88,84
1070,15,99,95
1110,10,96.8,85.28
1110,5,88.3,88.3
1040,40,96.8,85.28
1090,7.5,88,84
1040,30,99,95
1110,5,96.8,92.8
1180,1,96.8,88.3
1040,25,92,88
890,100,92.3,88.3
1080,10,92,88
1080,10,92.3,88.3
1030,30,92,88
1060,15,88,84
1050,20,92,88
1030,27.5,88,84
1180,1,99,95
1130,2.5,88,84
1050,20,92.3,88.3
1110,5,99,95
1070,12.5,92,88
1180,1,88.3,88.3
1020,40,96.8,92.8
1040,22.5,88,84
1090,7.5,92,88
850,100,88.3,88.3
1170,1,92,88
1020,35,92,88
1030,35,99,95
1170,1,92.3,88.3
1080,10,88.3,88.3
1050,22.5,99,95
1060,17.5,99,95
970,100,96.8,85.28
1130,2.5,92,88
1080,10,96.8,92.8
1010,40,92,88
1060,15,92,88
1040,27.5,99,95
1050,17.5,88,84
1050,20,88.3,88.3
1010,40,92.3,88.3
880,100,92.3,88.3
1080,10,99,95
1020,40,99,95
1100,5,88,84
1030,27.5,92,88
1040,22.5,92,88
1050,20,96.8,92.8
1020,30,88,84
1090,7.5,99,95
1010,35,88,84
1030,25,88,84
1170,1,96.8,92.8
1190,1,96.8,85.28
1070,20,96.8,85.28
1000,40,88,84
1070,12.5,99,95
1010,40,88.3,88.3
840,100,88.3,88.3
1030,30,96.8,92.8
1190,1,99.82,88.3
1100,5,92,88
1050,17.5,92,88
1160,1,88,84
1100,5,92.3,88.3
1040,20,88,84
1130,2.5,99,95
1050,20,99,95
1130,5,96.8,85.28
1040,25,99,95
1070,10,88,84
870,100,92.3,88.3
1100,10,96.8,85.28
1030,40,96.8,85.28
1170,1,99,95
1170,1,96.8,88.3
1060,12.5,88,84
1100,5,88.3,88.3
1170,1,88.3,88.3
1060,15,99,95
1100,5,96.8,92.8
1080,7.5,88,84
1030,30,99,95
1160,1,92,88
1030,25,92,88
1160,1,92.3,88.3
1020,30,92,88
1120,2.5,88,84
1070,10,92,88
1020,27.5,88,84
1070,10,92.3,88.3
1010,40,96.8,92.8
1100,5,99,95
1050,15,88,84
1040,20,92,88
960,100,96.8,85.28
1040,20,92.3,88.3
1010,35,92,88
1030,22.5,88,84
1060,12.5,92,88
1080,7.5,92,88
1020,35,99,95
830,100,88.3,88.3
1000,40,92,88
1120,2.5,92,88
1000,40,92.3,88.3
860,100,92.3,88.3
1070,10,88.3,88.3
1040,22.5,99,95
1050,17.5,99,95
1070,10,96.8,92.8
1050,15,92,88
1030,27.5,99,95
1040,17.5,88,84
1040,20,88.3,88.3
1160,1,96.8,92.8
1010,40,99,95
990,40,88,84
1000,35,88,84
1090,5,88,84
1020,27.5,92,88
1010,30,88,84
1150,1,88,84
1000,40,88.3,88.3
1070,10,99,95
1030,22.5,92,88
1180,1,96.8,85.28
1040,20,96.8,92.8
1020,25,88,84
1180,1,99.82,88.3
1060,20,96.8,85.28
1080,7.5,99,95
1160,1,99,95
1020,30,96.8,92.8
1120,2.5,99,95
1060,12.5,99,95
1090,5,92,88
1120,5,96.8,85.28
1090,5,92.3,88.3
1160,1,88.3,88.3
1040,17.5,92,88
1160,1,96.8,88.3
1030,20,88,84
1020,40,96.8,85.28
850,100,92.3,88.3
1090,10,96.8,85.28
1040,20,99,95
1150,1,92,88
1030,25,99,95
1150,1,92.3,88.3
1060,10,88,84
820,100,88.3,88.3
950,100,96.8,85.28
1050,12.5,88,84
1090,5,88.3,88.3
1090,5,96.8,92.8
1020,30,99,95
1050,15,99,95
1070,7.5,88,84
1000,40,96.8,92.8
1110,2.5,88,84
1010,30,92,88
1020,25,92,88
1010,27.5,88,84
1000,35,92,88
1090,5,99,95
1060,10,92,88
990,40,92,88
1060,10,92.3,88.3
1030,20,92,88
1040,15,88,84
1020,22.5,88,84
990,40,92.3,88.3
1030,20,92.3,88.3
1010,35,99,95
1050,12.5,92,88
1070,7.5,92,88
1110,2.5,92,88
1150,1,96.8,92.8
840,100,92.3,88.3
980,40,88,84
1030,22.5,99,95
1060,10,88.3,88.3
990,40,88.3,88.3
990,35,88,84
1000,40,99,95
1140,1,88,84
1040,17.5,99,95
1020,27.5,99,95
1060,10,96.8,92.8
1030,17.5,88,84
1040,15,92,88
1150,1,99,95
1030,20,88.3,88.3
1000,30,88,84
1170,1,96.8,85.28
1010,27.5,92,88
1170,1,99.82,88.3
1080,5,88,84
1150,1,88.3,88.3
1010,25,88,84
1020,22.5,92,88
1050,20,96.8,85.28
1060,10,99,95
810,100,88.3,88.3
1150,1,96.8,88.3
1110,2.5,99,95
1030,20,96.8,92.8
1070,7.5,99,95
1110,5,96.8,85.28
1010,30,96.8,92.8
1140,1,92,88
1010,40,96.8,85.28
1140,1,92.3,88.3
1080,5,92,88
1080,5,92.3,88.3
1050,12.5,99,95
940,100,96.8,85.28
1080,10,96.8,85.28
1030,17.5,92,88
1020,20,88,84
1030,20,99,95
830,100,92.3,88.3
1020,25,99,95
990,40,96.8,92.8
1050,10,88,84
980,40,92,88
990,35,92,88
1000,30,92,88
1000,27.5,88,84
1080,5,88.3,88.3
1080,5,96.8,92.8
1040,12.5,88,84
1100,2.5,88,84
1010,30,99,95
980,40,92.3,88.3
1010,25,92,88
1060,7.5,88,84
1140,1,96.8,92.8
1040,15,99,95
970,40,88,84
1080,5,99,95
1000,35,99,95
1010,22.5,88,84
1050,10,92,88
1020,20,92,88
1050,10,92.3,88.3
980,40,88.3,88.3
1030,15,88,84
1100,2.5,92,88
1020,20,92.3,88.3
980,35,88,84
1040,12.5,92,88
1140,1,99,95
1130,1,88,84
1060,7.5,92,88
990,40,99,95
990,30,88,84
1020,22.5,99,95
1050,10,88.3,88.3
1140,1,88.3,88.3
1160,1,96.8,85.28
800,100,88.3,88.3
1160,1,99.82,88.3
1010,27.5,99,95
1020,17.5,88,84
1000,27.5,92,88
1030,17.5,99,95
1020,20,88.3,88.3
1050,10,96.8,92.8
1030,15,92,88
1140,1,96.8,88.3
820,100,92.3,88.3
1000,25,88,84
1130,1,92,88
1040,20,96.8,85.28
1130,1,92.3,88.3
1000,40,96.8,85.28
1100,2.5,99,95
1010,22.5,92,88
1070,5,88,84
1100,5,96.8,85.28
930,100,96.8,85.28
1000,30,96.8,92.8
1050,10,99,95
1020,20,96.8,92.8
1060,7.5,99,95
1070,10,96.8,85.28
970,40,92,88
1070,5,92,88
980,40,96.8,92.8
1070,5,92.3,88.3
1010,20,88,84
970,40,92.3,88.3
1020,17.5,92,88
960,40,88,84
1040,12.5,99,95
980,35,92,88
990,27.5,88,84
990,30,92,88
1130,1,96.8,92.8
1010,25,99,95
1020,20,99,95
970,40,88.3,88.3
1040,10,88,84
1000,30,99,95
1090,2.5,88,84
1000,25,92,88
1070,5,96.8,92.8
1070,5,88.3,88.3
970,35,88,84
1030,12.5,88,84
990,35,99,95
1130,1,99,95
1050,7.5,88,84
1000,22.5,88,84
1030,15,99,95
1070,5,99,95
1120,1,88,84
1090,2.5,92,88
1010,20,92,88
980,40,99,95
810,100,92.3,88.3
1010,20,92.3,88.3
1040,10,92,88
1020,15,88,84
1040,10,92.3,88.3
980,30,88,84
1130,1,88.3,88.3
1030,12.5,92,88
1050,7.5,92,88
790,100,88.3,88.3
1150,1,96.8,85.28
1150,1,99.82,88.3
1130,1,96.8,88.3
1120,1,92,88
990,27.5,92,88
1010,22.5,99,95
1120,1,92.3,88.3
1000,27.5,99,95
990,40,96.8,85.28
990,25,88,84
1010,17.5,88,84
1040,10,88.3,88.3
1010,20,88.3,88.3
1030,20,96.8,85.28
950,40,88,84
920,100,96.8,85.28
960,40,92,88
1020,17.5,99,95
1090,2.5,99,95
1020,15,92,88
1040,10,96.8,92.8
1090,5,96.8,85.28
1000,22.5,92,88
960,40,92.3,88.3
990,30,96.8,92.8
970,40,96.8,92.8
1060,5,88,84
960,40,88.3,88.3
970,35,92,88
1010,20,96.8,92.8
1060,10,96.8,85.28
1040,10,99,95
1050,7.5,99,95
1120,1,96.8,92.8
1000,20,88,84
980,27.5,88,84
960,35,88,84
980,30,92,88
1060,5,92,88
1060,5,92.3,88.3
1010,17.5,92,88
1030,12.5,99,95
1000,25,99,95
1120,1,99,95
990,30,99,95
990,25,92,88
800,100,92.3,88.3
1010,20,99,95
980,35,99,95
1080,2.5,88,84
970,40,99,95
1030,10,88,84
1060,5,96.8,92.8
1110,1,88,84
1060,5,88.3,88.3
970,30,88,84
990,22.5,88,84
1020,12.5,88,84
1120,1,88.3,88.3
940,40,88,84
1080,2.5,92,88
1040,7.5,88,84
1060,5,99,95
1000,20,92,88
1020,15,99,95
1000,20,92.3,88.3
950,40,92,88
1010,15,88,84
1030,10,92,88
1140,1,99.82,88.3
950,40,92.3,88.3
1140,1,96.8,85.28
980,40,96.8,85.28
1030,10,92.3,88.3
1120,1,96.8,88.3
780,100,88.3,88.3
1110,1,92,88
1110,1,92.3,88.3
950,40,88.3,88.3
980,27.5,92,88
1020,12.5,92,88
980,25,88,84
1040,7.5,92,88
960,40,96.8,92.8
990,27.5,99,95
910,100,96.8,85.28
1000,22.5,99,95
960,35,92,88
1020,20,96.8,85.28
1000,20,88.3,88.3
1000,17.5,88,84
1080,5,96.8,85.28
1080,2.5,99,95
950,35,88,84
980,30,96.8,92.8
990,22.5,92,88
1030,10,88.3,88.3
1010,17.5,99,95
1010,15,92,88
1030,10,96.8,92.8
1110,1,96.8,92.8
970,27.5,88,84
970,30,92,88
1050,10,96.8,85.28
1050,5,88,84
930,40,88,84
1000,20,96.8,92.8
990,20,88,84
790,100,92.3,88.3
1030,10,99,95
1110,1,99,95
1040,7.5,99,95
960,40,99,95
1000,17.5,92,88
1050,5,92,88
970,35,99,95
1050,5,92.3,88.3
960,30,88,84
980,30,99,95
980,25,92,88
940,40,92,88
990,25,99,95
940,40,88.3,88.3
940,40,92.3,88.3
1020,12.5,99,95
1100,1,88,84
1000,20,99,95
1110,1,88.3,88.3
980,22.5,88,84
1070,2.5,88,84
1020,10,88,84
1050,5,96.8,92.8
970,40,96.8,85.28
1010,12.5,88,84
1050,5,88.3,88.3
950,40,96.8,92.8
990,20,92,88
1070,2.5,92,88
940,35,88,84
1100,1,92,88
990,20,92.3,88.3
950,35,92,88
1110,1,96.8,88.3
970,27.5,92,88
1130,1,99.82,88.3
920,40,88,84
1100,1,92.3,88.3
1130,1,96.8,85.28
1050,5,99,95
1030,7.5,88,84
1010,15,99,95
970,25,88,84
1000,15,88,84
1020,10,92,88
770,100,88.3,88.3
900,100,96.8,85.28
1020,10,92.3,88.3
980,27.5,99,95
1010,20,96.8,85.28
1010,12.5,92,88
970,30,96.8,92.8
990,22.5,99,95
990,20,88.3,88.3
1030,7.5,92,88
990,17.5,88,84
960,27.5,88,84
930,40,88.3,88.3
1070,5,96.8,85.28
980,22.5,92,88
960,30,92,88
930,40,92,88
1070,2.5,99,95
1100,1,96.8,92.8
930,40,92.3,88.3
950,40,99,95
1020,10,88.3,88.3
1000,15,92,88
1000,17.5,99,95
950,30,88,84
1100,1,99,95
910,40,88,84
1040,10,96.8,85.28
1020,10,96.8,92.8
780,100,92.3,88.3
980,20,88,84
960,35,99,95
990,20,96.8,92.8
1040,5,88,84
970,25,92,88
930,35,88,84
970,30,99,95
940,40,96.8,92.8
1020,10,99,95
990,17.5,92,88
980,25,99,95
1030,7.5,99,95
970,22.5,88,84
940,35,92,88
1100,1,88.3,88.3
1090,1,88,84
1040,5,92,88
960,40,96.8,85.28
1040,5,92.3,88.3
920,40,88.3,88.3
990,20,99,95
1010,12.5,99,95
1060,2.5,88,84
920,40,92,88
960,27.5,92,88
900,40,88,84
960,25,88,84
1090,1,92,88
920,40,92.3,88.3
1100,1,96.8,88.3
1090,1,92.3,88.3
980,20,92,88
1010,10,88,84
1120,1,99.82,88.3
1000,12.5,88,84
1040,5,96.8,92.8
1120,1,96.8,85.28
980,20,92.3,88.3
1060,2.5,92,88
1040,5,88.3,88.3
950,27.5,88,84
990,15,88,84
950,30,92,88
960,30,96.8,92.8
1040,5,99,95
970,27.5,99,95
1000,15,99,95
1020,7.5,88,84
940,40,99,95
890,100,96.8,85.28
910,40,88.3,88.3
920,35,88,84
940,30,88,84
1000,20,96.8,85.28
1010,10,92,88
1090,1,96.8,92.8
980,20,88.3,88.3
970,22.5,92,88
1010,10,92.3,88.3
980,22.5,99,95
980,17.5,88,84
890,40,88,84
760,100,88.3,88.3
1060,5,96.8,85.28
1000,12.5,92,88
930,40,96.8,92.8
950,35,99,95
1060,2.5,99,95
1020,7.5,92,88
910,40,92,88
1090,1,99,95
930,35,92,88
970,20,88,84
910,40,92.3,88.3
990,15,92,88
900,40,88.3,88.3
990,17.5,99,95
1030,10,96.8,85.28
770,100,92.3,88.3
960,25,92,88
1010,10,88.3,88.3
960,30,99,95
950,40,96.8,85.28
980,20,96.8,92.8
1010,10,96.8,92.8
960,22.5,88,84
880,40,88,84
1090,1,88.3,88.3
910,35,88,84
970,25,99,95
1030,5,88,84
980,17.5,92,88
1080,1,88,84
950,27.5,92,88
890,40,88.3,88.3
950,25,88,84
1010,10,99,95
1020,7.5,99,95
900,40,92,88
940,27.5,88,84
930,40,99,95
930,30,88,84
1030,5,92,88
1030,5,92.3,88.3
980,20,99,95
940,30,92,88
1090,1,96.8,88.3
900,40,92.3,88.3
1080,1,92,88
1080,1,92.3,88.3
880,40,88.3,88.3
970,20,92,88
1000,12.5,99,95
1110,1,99.82,88.3
1050,2.5,88,84
920,40,96.8,92.8
950,30,96.8,92.8
970,20,92.3,88.3
1110,1,96.8,85.28
870,40,88,84
920,35,92,88
990,12.5,88,84
1000,10,88,84
960,27.5,99,95
1030,5,96.8,92.8
1050,2.5,92,88
870,40,88.3,88.3
900,35,88,84
980,15,88,84
940,35,99,95
1030,5,88.3,88.3
990,20,96.8,85.28
960,22.5,92,88
1080,1,96.8,92.8
880,100,96.8,85.28
970,20,88.3,88.3
890,40,92,88
990,15,99,95
1030,5,99,95
970,17.5,88,84
1010,7.5,88,84
970,22.5,99,95
1050,5,96.8,85.28
860,40,88.3,88.3
890,40,92.3,88.3
1080,1,99,95
1000,10,92,88
860,40,88,84
1000,10,92.3,88.3
940,40,96.8,85.28
950,25,92,88
960,20,88,84
990,12.5,92,88
950,30,99,95
1050,2.5,99,95
750,100,88.3,88.3
920,30,88,84
950,22.5,88,84
1010,7.5,92,88
920,40,99,95
850,40,88.3,88.3
890,35,88,84
940,27.5,92,88
910,40,96.8,92.8
980,15,92,88
1020,10,96.8,85.28
940,25,88,84
930,27.5,88,84
980,17.5,99,95
910,35,92,88
880,40,92,88
760,100,92.3,88.3
970,20,96.8,92.8
930,30,92,88
1000,10,88.3,88.3
960,25,99,95
1080,1,88.3,88.3
880,40,92.3,88.3
840,40,88.3,88.3
970,17.5,92,88
1000,10,96.8,92.8
1070,1,88,84
850,40,88,84
940,30,96.8,92.8
1020,5,88,84
1080,1,96.8,88.3
880,35,88,84
930,35,99,95
960,20,92,88
1070,1,92,88
1000,10,99,95
970,20,99,95
870,40,92,88
1070,1,92.3,88.3
830,40,88.3,88.3
960,20,92.3,88.3
1100,1,99.82,88.3
1010,7.5,99,95
950,27.5,99,95
1100,1,96.8,85.28
1020,5,92,88
870,40,92.3,88.3
1020,5,92.3,88.3
900,40,96.8,92.8
910,30,88,84
900,35,92,88
990,12.5,99,95
1040,2.5,88,84
910,40,99,95
950,22.5,92,88
980,12.5,88,84
840,40,88,84
980,20,96.8,85.28
960,20,88.3,88.3
970,15,88,84
990,10,88,84
930,40,96.8,85.28
1070,1,96.8,92.8
920,27.5,88,84
940,25,92,88
1040,2.5,92,88
960,17.5,88,84
820,40,88.3,88.3
1020,5,96.8,92.8
940,30,99,95
870,35,88,84
960,22.5,99,95
860,40,92,88
950,20,88,84
930,27.5,92,88
1020,5,88.3,88.3
920,30,92,88
930,25,88,84
870,100,96.8,85.28
940,22.5,88,84
1070,1,99,95
980,15,99,95
1040,5,96.8,85.28
860,40,92.3,88.3
1020,5,99,95
1000,7.5,88,84
890,40,96.8,92.8
990,10,92,88
980,12.5,92,88
990,10,92.3,88.3
890,35,92,88
1040,2.5,99,95
900,30,88,84
830,40,88,84
810,40,88.3,88.3
970,15,92,88
1010,10,96.8,85.28
950,25,99,95
930,30,96.8,92.8
920,35,99,95
900,40,99,95
960,20,96.8,92.8
860,35,88,84
1000,7.5,92,88
850,40,92,88
970,17.5,99,95
1070,1,88.3,88.3
850,40,92.3,88.3
960,17.5,92,88
740,100,88.3,88.3
990,10,88.3,88.3
750,100,92.3,88.3
1060,1,88,84
910,27.5,88,84
880,40,96.8,92.8
950,20,92,88
940,27.5,99,95
990,10,96.8,92.8
880,35,92,88
1070,1,96.8,88.3
950,20,92.3,88.3
910,30,92,88
960,20,99,95
940,22.5,92,88
1060,1,92,88
1090,1,99.82,88.3
1060,1,92.3,88.3
1010,5,88,84
890,30,88,84
920,40,96.8,85.28
920,25,88,84
800,40,88.3,88.3
850,35,88,84
840,40,92,88
920,27.5,92,88
1090,1,96.8,85.28
930,25,92,88
820,40,88,84
890,40,99,95
840,40,92.3,88.3
930,30,99,95
990,10,99,95
950,20,88.3,88.3
930,22.5,88,84
970,20,96.8,85.28
1000,7.5,99,95
870,40,96.8,92.8
1010,5,92,88
940,20,88,84
1010,5,92.3,88.3
960,15,88,84
950,17.5,88,84
970,12.5,88,84
1060,1,96.8,92.8
980,12.5,99,95
870,35,92,88
1030,2.5,88,84
910,35,99,95
950,22.5,99,95
980,10,88,84
1060,1,99,95
920,30,96.8,92.8
900,27.5,88,84
1030,2.5,92,88
880,30,88,84
830,40,92,88
840,35,88,84
1030,5,96.8,85.28
1010,5,96.8,92.8
880,40,99,95
970,15,99,95
830,40,92.3,88.3
860,100,96.8,85.28
860,40,96.8,92.8
1010,5,88.3,88.3
900,30,92,88
810,40,88,84
790,40,88.3,88.3
940,25,99,95
990,7.5,88,84
1010,5,99,95
970,12.5,92,88
860,35,92,88
980,10,92,88
950,20,96.8,92.8
980,10,92.3,88.3
910,25,88,84
960,15,92,88
910,27.5,92,88
1000,10,96.8,85.28
1030,2.5,99,95
960,17.5,99,95
930,27.5,99,95
950,17.5,92,88
1060,1,88.3,88.3
870,40,99,95
870,30,88,84
850,40,96.8,92.8
920,25,92,88
940,20,92,88
820,40,92,88
990,7.5,92,88
890,27.5,88,84
930,22.5,92,88
910,40,96.8,85.28
830,35,88,84
940,20,92.3,88.3
900,35,99,95
920,30,99,95
820,40,92.3,88.3
920,22.5,88,84
1050,1,88,84
980,10,88.3,88.3
1060,1,96.8,88.3
850,35,92,88
890,30,92,88
940,20,88.3,88.3
950,20,99,95
930,20,88,84
1080,1,99.82,88.3
800,40,88,84
860,40,99,95
910,30,96.8,92.8
980,10,96.8,92.8
1050,1,92,88
1050,1,92.3,88.3
1080,1,96.8,85.28
840,40,96.8,92.8
740,100,92.3,88.3
960,20,96.8,85.28
940,17.5,88,84
730,100,88.3,88.3
860,30,88,84
780,40,88.3,88.3
1000,5,88,84
950,15,88,84
900,25,88,84
880,27.5,88,84
940,22.5,99,95
820,35,88,84
810,40,92,88
980,10,99,95
960,12.5,88,84
900,27.5,92,88
1050,1,96.8,92.8
850,40,99,95
810,40,92.3,88.3
840,35,92,88
990,7.5,99,95
890,35,99,95
1000,5,92,88
970,12.5,99,95
1000,5,92.3,88.3
880,30,92,88
1050,1,99,95
830,40,96.8,92.8
970,10,88,84
930,25,99,95
1020,2.5,88,84
910,25,92,88
850,30,88,84
1020,5,96.8,85.28
920,27.5,99,95
910,22.5,88,84
1020,2.5,92,88
960,15,99,95
910,30,99,95
840,40,99,95
790,40,88,84
940,20,96.8,92.8
870,27.5,88,84
920,22.5,92,88
1000,5,96.8,92.8
850,100,96.8,85.28
900,30,96.8,92.8
900,40,96.8,85.28
1000,5,88.3,88.3
830,35,92,88
930,20,92,88
950,15,92,88
960,12.5,92,88
940,17.5,92,88
810,35,88,84
890,25,88,84
800,40,92,88
980,7.5,88,84
930,20,92.3,88.3
820,40,96.8,92.8
970,10,92,88
1000,5,99,95
990,10,96.8,85.28
870,30,92,88
880,35,99,95
800,40,92.3,88.3
970,10,92.3,88.3
950,17.5,99,95
890,27.5,92,88
920,20,88,84
1050,1,88.3,88.3
930,20,88.3,88.3
770,40,88.3,88.3
1020,2.5,99,95
830,40,99,95
840,30,88,84
860,27.5,88,84
1050,1,96.8,88.3
930,17.5,88,84
980,7.5,92,88
940,20,99,95
1040,1,88,84
950,20,96.8,85.28
970,10,88.3,88.3
820,35,92,88
1070,1,99.82,88.3
900,25,92,88
860,30,92,88
870,35,99,95
1070,1,96.8,85.28
810,40,96.8,92.8
880,25,88,84
900,22.5,88,84
940,15,88,84
930,22.5,99,95
1040,1,92,88
1040,1,92.3,88.3
800,35,88,84
820,40,99,95
970,10,96.8,92.8
890,30,96.8,92.8
780,40,88,84
900,30,99,95
880,27.5,92,88
790,40,92,88
920,25,99,95
830,30,88,84
910,27.5,99,95
790,40,92.3,88.3
950,12.5,88,84
850,27.5,88,84
910,22.5,92,88
1040,1,96.8,92.8
990,5,88,84
860,35,99,95
970,10,99,95
730,100,92.3,88.3
850,30,92,88
1040,1,99,95
810,35,92,88
920,20,92,88
960,12.5,99,95
910,20,88,84
870,25,88,84
720,100,88.3,88.3
960,10,88,84
980,7.5,99,95
890,40,96.8,85.28
810,40,99,95
930,20,96.8,92.8
800,40,96.8,92.8
920,20,92.3,88.3
990,5,92,88
990,5,92.3,88.3
930,17.5,92,88
870,27.5,92,88
1010,5,96.8,85.28
920,20,88.3,88.3
1010,2.5,88,84
950,15,99,95
890,25,92,88
880,30,96.8,92.8
760,40,88.3,88.3
850,35,99,95
890,22.5,88,84
820,30,88,84
940,15,92,88
790,35,88,84
840,27.5,88,84
950,12.5,92,88
1010,2.5,92,88
890,30,99,95
840,30,92,88
920,17.5,88,84
940,17.5,99,95
780,40,92,88
990,5,96.8,92.8
980,10,96.8,85.28
780,40,92.3,88.3
990,5,88.3,88.3
860,25,88,84
960,10,92,88
970,7.5,88,84
840,100,96.8,85.28
800,35,92,88
960,10,92.3,88.3
770,40,88,84
1040,1,88.3,88.3
800,40,99,95
840,35,99,95
930,20,99,95
940,20,96.8,85.28
860,27.5,92,88
990,5,99,95
900,27.5,99,95
900,22.5,92,88
790,40,96.8,92.8
920,22.5,99,95
1040,1,96.8,88.3
910,25,99,95
1010,2.5,99,95
870,30,96.8,92.8
930,15,88,84
810,30,88,84
830,27.5,88,84
1060,1,99.82,88.3
880,22.5,88,84
880,25,92,88
900,20,88,84
970,7.5,92,88
960,10,88.3,88.3
830,30,92,88
1030,1,88,84
1060,1,96.8,85.28
830,35,99,95
850,25,88,84
880,30,99,95
780,35,88,84
910,20,92,88
1030,1,92,88
1030,1,92.3,88.3
850,27.5,92,88
940,12.5,88,84
910,20,92.3,88.3
960,10,96.8,92.8
910,20,88.3,88.3
790,40,99,95
860,30,96.8,92.8
790,35,92,88
920,20,96.8,92.8
880,40,96.8,85.28
1030,1,96.8,92.8
920,17.5,92,88
770,40,92,88
820,27.5,88,84
820,35,99,95
770,40,92.3,88.3
820,30,92,88
870,22.5,88,84
870,25,92,88
800,30,88,84
780,40,96.8,92.8
1030,1,99,95
910,17.5,88,84
980,5,88,84
890,27.5,99,95
960,10,99,95
890,22.5,92,88
950,10,88,84
750,40,88.3,88.3
840,25,88,84
950,12.5,99,95
930,15,92,88
840,27.5,92,88
870,30,99,95
850,30,96.8,92.8
760,40,88,84
940,15,99,95
970,7.5,99,95
890,20,88,84
1000,5,96.8,85.28
900,25,99,95
980,5,92,88
980,5,92.3,88.3
940,12.5,92,88
930,17.5,99,95
810,35,99,95
930,20,96.8,85.28
910,22.5,99,95
920,20,99,95
1000,2.5,88,84
780,40,99,95
860,22.5,88,84
720,100,92.3,88.3
810,27.5,88,84
860,25,92,88
810,30,92,88
780,35,92,88
970,10,96.8,85.28
770,35,88,84
920,15,88,84
840,30,96.8,92.8
1000,2.5,92,88
710,100,88.3,88.3
860,30,99,95
900,20,92,88
950,10,92,88
830,25,88,84
830,27.5,92,88
790,30,88,84
900,20,88.3,88.3
950,10,92.3,88.3
960,7.5,88,84
980,5,96.8,92.8
1030,1,88.3,88.3
900,20,92.3,88.3
980,5,88.3,88.3
880,27.5,99,95
1030,1,96.8,88.3
880,22.5,92,88
830,100,96.8,85.28
800,35,99,95
770,40,96.8,92.8
1050,1,99.82,88.3
980,5,99,95
880,20,88,84
760,40,92,88
1050,1,96.8,85.28
850,25,92,88
1000,2.5,99,95
910,20,96.8,92.8
850,22.5,88,84
850,30,99,95
830,30,96.8,92.8
950,10,88.3,88.3
760,40,92.3,88.3
900,17.5,88,84
930,12.5,88,84
910,17.5,92,88
800,30,92,88
800,27.5,88,84
960,7.5,92,88
1020,1,88,84
870,40,96.8,85.28
820,27.5,92,88
820,25,88,84
890,25,99,95
1020,1,92,88
1020,1,92.3,88.3
770,40,99,95
950,10,96.8,92.8
770,35,92,88
840,30,99,95
870,27.5,99,95
780,30,88,84
790,35,99,95
870,22.5,92,88
920,15,92,88
820,30,96.8,92.8
750,40,88,84
840,25,92,88
890,20,88.3,88.3
1020,1,96.8,92.8
900,22.5,99,95
890,20,92,88
840,22.5,88,84
760,35,88,84
870,20,88,84
740,40,88.3,88.3
940,10,88,84
920,20,96.8,85.28
1020,1,99,95
890,20,92.3,88.3
910,20,99,95
810,27.5,92,88
790,30,92,88
940,12.5,99,95
930,15,99,95
910,15,88,84
950,10,99,95
920,17.5,99,95
970,5,88,84
830,30,99,95
790,27.5,88,84
810,25,88,84
930,12.5,92,88
990,5,96.8,85.28
860,27.5,99,95
810,30,96.8,92.8
760,40,96.8,92.8
890,17.5,88,84
960,7.5,99,95
860,22.5,92,88
830,25,92,88
960,10,96.8,85.28
970,5,92,88
880,25,99,95
970,5,92.3,88.3
830,22.5,88,84
780,35,99,95
860,20,88,84
900,20,96.8,92.8
820,30,99,95
900,17.5,92,88
750,40,92,88
880,20,88.3,88.3
940,10,92,88
990,2.5,88,84
750,40,92.3,88.3
800,27.5,92,88
940,10,92.3,88.3
770,30,88,84
850,27.5,99,95
950,7.5,88,84
880,20,92,88
800,25,88,84
760,40,99,95
760,35,92,88
1020,1,88.3,88.3
990,2.5,92,88
1020,1,96.8,88.3
780,30,92,88
800,30,96.8,92.8
920,12.5,88,84
1040,1,99.82,88.3
880,20,92.3,88.3
970,5,96.8,92.8
850,22.5,92,88
780,27.5,88,84
970,5,88.3,88.3
820,25,92,88
1040,1,96.8,85.28
890,22.5,99,95
810,30,99,95
860,40,96.8,85.28
940,10,88.3,88.3
820,22.5,88,84
850,20,88,84
970,5,99,95
710,100,92.3,88.3
840,27.5,99,95
820,100,96.8,85.28
910,15,92,88
870,20,88.3,88.3
880,17.5,88,84
870,25,99,95
750,35,88,84
990,2.5,99,95
950,7.5,92,88
700,100,88.3,88.3
900,15,88,84
790,27.5,92,88
910,20,96.8,85.28
900,20,99,95
1010,1,88,84
770,35,99,95
740,40,88,84
790,30,96.8,92.8
840,22.5,92,88
1010,1,92,88
800,30,99,95
790,25,88,84
940,10,96.8,92.8
1010,1,92.3,88.3
810,25,92,88
870,20,92,88
830,27.5,99,95
910,17.5,99,95
860,20,88.3,88.3
750,40,96.8,92.8
930,10,88,84
870,20,92.3,88.3
770,30,92,88
890,20,96.8,92.8
890,17.5,92,88
840,20,88,84
920,15,99,95
1010,1,96.8,92.8
730,40,88.3,88.3
810,22.5,88,84
920,12.5,92,88
760,30,88,84
930,12.5,99,95
770,27.5,88,84
860,25,99,95
1010,1,99,95
850,20,88.3,88.3
870,17.5,88,84
940,10,99,95
820,27.5,99,95
880,22.5,99,95
830,22.5,92,88
790,30,99,95
780,27.5,92,88
750,35,92,88
960,5,88,84
980,5,96.8,85.28
780,30,96.8,92.8
800,25,92,88
740,40,92,88
840,20,88.3,88.3
750,40,99,95
950,10,96.8,85.28
740,40,92.3,88.3
860,20,92,88
910,12.5,88,84
780,25,88,84
950,7.5,99,95
830,20,88,84
850,25,99,95
860,20,92.3,88.3
930,10,92,88
830,20,88.3,88.3
800,22.5,88,84
760,35,99,95
930,10,92.3,88.3
890,15,88,84
960,5,92,88
810,27.5,99,95
960,5,92.3,88.3
900,15,92,88
890,20,99,95
940,7.5,88,84
820,22.5,92,88
860,17.5,88,84
820,20,88.3,88.3
900,20,96.8,85.28
1030,1,99.82,88.3
980,2.5,88,84
1010,1,96.8,88.3
780,30,99,95
850,40,96.8,85.28
760,30,92,88
880,17.5,92,88
740,35,88,84
1010,1,88.3,88.3
1030,1,96.8,85.28
880,20,96.8,92.8
790,25,92,88
930,10,88.3,88.3
840,25,99,95
850,20,92,88
980,2.5,92,88
760,27.5,88,84
870,22.5,99,95
770,27.5,92,88
800,27.5,99,95
770,30,96.8,92.8
960,5,96.8,92.8
960,5,88.3,88.3
810,20,88.3,88.3
850,20,92.3,88.3
820,20,88,84
750,30,88,84
900,17.5,99,95
790,22.5,88,84
740,40,96.8,92.8
730,40,88,84
770,25,88,84
940,7.5,92,88
960,5,99,95
830,25,99,95
810,22.5,92,88
850,17.5,88,84
800,20,88.3,88.3
920,10,88,84
910,12.5,92,88
980,2.5,99,95
910,15,99,95
930,10,96.8,92.8
810,100,96.8,85.28
840,20,92,88
1000,1,88,84
790,27.5,99,95
880,15,88,84
780,25,92,88
770,30,99,95
1000,1,92,88
840,20,92.3,88.3
1000,1,92.3,88.3
740,35,92,88
920,12.5,99,95
810,20,88,84
860,22.5,99,95
870,17.5,92,88
790,20,88.3,88.3
820,25,99,95
900,12.5,88,84
750,35,99,95
740,40,99,95
870,20,96.8,92.8
720,40,88.3,88.3
1000,1,96.8,92.8
880,20,99,95
890,15,92,88
800,22.5,92,88
780,22.5,88,84
840,17.5,88,84
1000,1,99,95
930,10,99,95
730,40,92,88
760,27.5,92,88
760,30,96.8,92.8
940,10,96.8,85.28
700,100,92.3,88.3
750,30,92,88
690,100,88.3,88.3
730,40,92.3,88.3
830,20,92,88
970,5,96.8,85.28
890,20,96.8,85.28
780,27.5,99,95
810,25,99,95
750,27.5,88,84
780,20,88.3,88.3
950,5,88,84
830,20,92.3,88.3
920,10,92,88
760,25,88,84
850,22.5,99,95
920,10,92.3,88.3
800,20,88,84
770,25,92,88
940,7.5,99,95
870,15,88,84
890,17.5,99,95
860,17.5,92,88
790,22.5,92,88
760,30,99,95
740,30,88,84
930,7.5,88,84
730,35,88,84
860,20,96.8,92.8
830,17.5,88,84
950,5,92,88
800,25,99,95
920,10,88.3,88.3
950,5,92.3,88.3
1020,1,99.82,88.3
840,40,96.8,85.28
820,20,92,88
1020,1,96.8,85.28
1000,1,96.8,88.3
840,22.5,99,95
770,22.5,88,84
820,20,92.3,88.3
770,20,88.3,88.3
870,20,99,95
770,27.5,99,95
1000,1,88.3,88.3
900,12.5,92,88
970,2.5,88,84
910,10,88,84
730,40,96.8,92.8
900,15,99,95
890,12.5,88,84
790,20,88,84
880,15,92,88
950,5,88.3,88.3
790,25,99,95
970,2.5,92,88
750,27.5,92,88
950,5,96.8,92.8
750,30,96.8,92.8
850,17.5,92,88
830,22.5,99,95
930,7.5,92,88
860,15,88,84
850,20,96.8,92.8
780,22.5,92,88
820,17.5,88,84
740,35,99,95
720,40,88,84
810,20,92,88
760,25,92,88
730,35,92,88
920,10,96.8,92.8
810,20,92.3,88.3
740,30,92,88
750,25,88,84
950,5,99,95
910,12.5,99,95
880,20,96.8,85.28
760,20,88.3,88.3
730,40,99,95
740,27.5,88,84
970,2.5,99,95
820,22.5,99,95
990,1,88,84
780,25,99,95
860,20,99,95
750,30,99,95
930,10,96.8,85.28
760,22.5,88,84
840,20,96.8,92.8
840,17.5,92,88
990,1,92,88
880,17.5,99,95
990,1,92.3,88.3
760,27.5,99,95
780,20,88,84
800,100,96.8,85.28
800,20,92,88
850,15,88,84
920,10,99,95
810,17.5,88,84
990,1,96.8,92.8
910,10,92,88
720,40,92,88
800,20,92.3,88.3
770,22.5,92,88
710,40,88.3,88.3
720,40,92.3,88.3
910,10,92.3,88.3
810,22.5,99,95
990,1,99,95
960,5,96.8,85.28
870,15,92,88
730,30,88,84
880,12.5,88,84
830,20,96.8,92.8
940,5,88,84
910,10,88.3,88.3
890,12.5,92,88
830,17.5,92,88
770,25,99,95
850,20,99,95
750,25,92,88
920,7.5,88,84
740,27.5,92,88
800,22.5,99,95
790,20,92,88
740,30,96.8,92.8
720,35,88,84
930,7.5,99,95
890,15,99,95
840,15,88,84
750,20,88.3,88.3
900,10,88,84
1010,1,99.82,88.3
800,17.5,88,84
770,20,88,84
830,40,96.8,85.28
790,20,92.3,88.3
1010,1,96.8,85.28
940,5,92,88
820,20,96.8,92.8
940,5,92.3,88.3
740,25,88,84
990,1,96.8,88.3
750,22.5,88,84
750,27.5,99,95
760,22.5,92,88
840,20,99,95
680,100,88.3,88.3
690,100,92.3,88.3
870,17.5,99,95
790,22.5,99,95
820,17.5,92,88
730,35,99,95
870,20,96.8,85.28
720,40,96.8,92.8
730,30,92,88
860,15,92,88
990,1,88.3,88.3
740,30,99,95
780,20,92,88
920,7.5,92,88
960,2.5,88,84
730,27.5,88,84
830,15,88,84
760,25,99,95
900,12.5,99,95
910,10,96.8,92.8
780,20,92.3,88.3
940,5,88.3,88.3
810,20,96.8,92.8
790,17.5,88,84
720,35,92,88
870,12.5,88,84
940,5,96.8,92.8
830,20,99,95
960,2.5,92,88
780,22.5,99,95
920,10,96.8,85.28
760,20,88,84
710,40,88,84
810,17.5,92,88
720,40,99,95
940,5,99,95
900,10,92,88
740,25,92,88
880,12.5,92,88
900,10,92.3,88.3
800,20,96.8,92.8
820,20,99,95
740,20,88.3,88.3
850,15,92,88
910,10,99,95
960,2.5,99,95
820,15,88,84
770,20,92,88
750,22.5,92,88
860,17.5,99,95
980,1,88,84
770,20,92.3,88.3
880,15,99,95
780,17.5,88,84
900,10,88.3,88.3
980,1,92,88
730,27.5,92,88
980,1,92.3,88.3
890,10,88,84
770,22.5,99,95
720,30,88,84
730,30,96.8,92.8
740,22.5,88,84
950,5,96.8,85.28
740,27.5,99,95
980,1,96.8,92.8
800,17.5,92,88
710,40,92,88
810,20,99,95
750,25,99,95
860,12.5,88,84
790,20,96.8,92.8
710,40,92.3,88.3
790,100,96.8,85.28
910,7.5,88,84
980,1,99,95
730,25,88,84
700,40,88.3,88.3
930,5,88,84
840,15,92,88
860,20,96.8,85.28
750,20,88,84
810,15,88,84
1000,1,99.82,88.3
800,20,99,95
920,7.5,99,95
1000,1,96.8,85.28
820,40,96.8,85.28
760,20,92,88
730,30,99,95
710,35,88,84
770,17.5,88,84
850,17.5,99,95
760,20,92.3,88.3
780,20,96.8,92.8
790,17.5,92,88
760,22.5,99,95
720,30,92,88
890,12.5,99,95
930,5,92,88
870,12.5,92,88
980,1,96.8,88.3
930,5,92.3,88.3
720,35,99,95
850,12.5,88,84
720,27.5,88,84
900,10,96.8,92.8
790,20,99,95
830,15,92,88
740,22.5,92,88
910,7.5,92,88
730,25,92,88
910,10,96.8,85.28
800,15,88,84
710,40,96.8,92.8
730,20,88.3,88.3
890,10,92,88
870,15,99,95
980,1,88.3,88.3
840,17.5,99,95
890,10,92.3,88.3
770,20,96.8,92.8
930,5,88.3,88.3
780,17.5,92,88
710,35,92,88
740,25,99,95
880,10,88,84
950,2.5,88,84
780,20,99,95
930,5,96.8,92.8
760,17.5,88,84
730,22.5,88,84
890,10,88.3,88.3
750,20,92,88
840,12.5,88,84
820,15,92,88
950,2.5,92,88
750,20,92.3,88.3
730,27.5,99,95
740,20,88,84
900,10,99,95
750,22.5,99,95
720,27.5,92,88
830,17.5,99,95
710,40,99,95
790,15,88,84
930,5,99,95
720,30,96.8,92.8
700,40,88,84
670,100,88.3,88.3
860,12.5,92,88
